# AP / stamina cost per action (own design, starting values for balancing).
# Anchors: wizard ~40 AP and "about 4 spells per turn" (PM 7) -> cast = 10 AP.
#          creature AP range 24..62 (PM 34): a slow creature (24 AP) still gets 2 attacks.
# Return attack is a free defensive reaction (D27): no AP, no stamina.
action,ap,stamina,notes
cast,8,0,any spell; cancelled targeting costs nothing
melee,8,4,move into enemy; also attacking terrain
return_attack,0,0,free automatic counter in the enemy turn (D27)
fire,8,2,bow / flame breath
throw,8,3,object in use
pick_up,8,1,per object
drop,0,0,object in use
change,4,0,switch object in use
eat,4,0,
drink,4,0,from vial or cauldron
fill,4,0,vial at cauldron
read,8,0,scroll
open_door,6,1,also close
unlock,8,1,door or chest with key in use
open_chest,8,1,
ride,10,1,mount; dismount = 4
dismount,4,1,
take_off,6,2,start flying
land,0,1,
