# Feature toughness for terrain attacks (K6.4, original scale 40..200): the
# attacker needs 1.5 x Combat_eff >= toughness to try and RND(2 x Combat_eff)
# >= toughness to succeed. 0 = indestructible (walls) or not attackable (walkable furniture).
# fire: flammability of the feature (0..15, replaces the ground's when set,
# a burnt-out feature is gone).
# Feature ids follow the Feature enum in src/core/world.h.
id,toughness,fire
none,0,0
wall,0,0
door_closed,60,8
door_open,0,0
bed,60,10
bookshelf,65,12
candle,0,0
cauldron,60,0
table,60,10
chair,0,10
drawers,60,10
chest,65,8
tree,80,14
rock,200,0
door_locked,80,8
chest_free,60,8
window,0,0
fence,40,10
leaf_n,0,8
leaf_e,0,8
leaf_s,0,8
leaf_w,0,8
