# Weapons (K7, original values). combat/defence: bonuses while in use
# (defence of any carried object counts, the best one - not added);
# thrown: attack value when thrown (K6.4); ranged: 1 = bow (its attack
# value is fixed, K6.4). Enchanted weapons count double (magic flag).
id,name,combat,defence,thrown,ranged,weight
sword,Schwert,10,4,16,0,10
knife,Messer,4,1,20,0,3
shield,Schild,0,13,0,0,8
bow,Bogen,0,0,0,1,4
spear,Speer,8,4,23,0,5
club,Keule,5,1,8,0,9
axe,Axt,9,0,28,0,7
ninja_star,Wurfstern,0,0,25,0,4
slayer,Slayer,12,4,8,0,9
magic_slayer,Magie-Slayer,30,12,16,0,9
